1,477,2025-05-15 02:31:48,Pending
2,183,2025-04-18 13:52:11,Delivered
3,40,2025-05-11 15:36:20,Delivered
4,427,2025-05-09 12:52:33,Shipped
5,483,2025-04-17 20:07:38,Delivered
6,378,2025-05-01 20:33:28,Pending
7,346,2025-04-19 13:46:59,Delivered
8,128,2025-05-13 04:43:49,Shipped
9,350,2025-05-03 03:10:05,Shipped
10,310,2025-04-19 11:38:15,Delivered
11,299,2025-04-26 21:11:15,Shipped
12,12,2025-04-21 08:01:31,Pending
13,56,2025-04-16 09:13:40,Shipped
14,416,2025-05-03 13:09:41,Pending
15,41,2025-04-24 16:26:10,Shipped
16,453,2025-05-11 00:34:37,Delivered
17,274,2025-05-01 12:16:47,Shipped
18,387,2025-04-22 23:59:38,Delivered
19,1,2025-05-15 00:58:55,Shipped
20,340,2025-05-11 15:02:11,Pending
21,67,2025-05-14 06:50:38,Pending
22,301,2025-04-27 17:16:20,Shipped
23,169,2025-05-11 06:34:54,Pending
24,316,2025-04-23 04:07:38,Shipped
25,80,2025-04-29 04:11:37,Shipped
26,35,2025-04-29 17:06:03,Delivered
27,85,2025-04-19 09:41:38,Pending
28,257,2025-04-29 08:02:23,Pending
29,4,2025-05-08 06:23:09,Pending
30,216,2025-04-29 03:40:09,Shipped
31,367,2025-04-26 19:18:44,Delivered
32,300,2025-05-03 14:06:10,Pending
33,415,2025-04-22 01:19:47,Pending
34,88,2025-04-29 12:02:49,Delivered
35,111,2025-05-10 05:12:43,Delivered
36,307,2025-04-19 23:49:25,Shipped
37,370,2025-04-17 10:16:21,Shipped
38,154,2025-05-15 08:07:51,Pending
39,257,2025-04-28 01:58:15,Pending
40,155,2025-04-16 19:41:46,Pending
41,98,2025-04-27 19:47:36,Pending
42,174,2025-05-03 15:20:38,Shipped
43,305,2025-05-05 09:48:23,Pending
44,436,2025-05-14 11:44:00,Delivered
45,87,2025-05-07 14:09:29,Delivered
46,486,2025-04-19 12:21:38,Shipped
47,208,2025-05-06 21:27:19,Pending
48,69,2025-05-15 02:09:52,Pending
49,228,2025-04-18 09:20:39,Delivered
50,469,2025-04-28 06:22:18,Shipped
51,431,2025-05-07 02:20:44,Shipped
52,448,2025-05-14 10:07:01,Pending
53,184,2025-05-05 11:01:26,Delivered
54,498,2025-04-28 13:23:10,Shipped
55,57,2025-04-17 01:22:16,Delivered
56,12,2025-05-10 08:22:37,Shipped
57,498,2025-05-05 10:46:05,Delivered
58,384,2025-05-12 04:30:51,Shipped
59,400,2025-04-17 10:28:31,Pending
60,463,2025-04-22 00:31:45,Shipped
61,472,2025-05-05 23:42:48,Shipped
62,164,2025-05-03 16:35:26,Delivered
63,98,2025-04-16 19:04:31,Delivered
64,30,2025-05-02 11:16:56,Delivered
65,316,2025-05-12 20:18:28,Shipped
66,481,2025-04-29 02:16:24,Delivered
67,60,2025-05-06 14:49:49,Delivered
68,335,2025-05-07 13:14:40,Delivered
69,495,2025-04-29 11:18:23,Delivered
70,395,2025-04-17 08:38:41,Shipped
71,345,2025-04-27 06:20:58,Shipped
72,403,2025-05-10 22:39:40,Delivered
73,298,2025-04-15 17:38:01,Pending
74,75,2025-04-27 13:08:45,Pending
75,277,2025-04-24 13:01:55,Pending
76,174,2025-04-28 08:40:48,Pending
77,208,2025-04-29 20:35:30,Pending
78,165,2025-04-24 09:35:19,Delivered
79,496,2025-05-03 14:59:33,Shipped
80,379,2025-04-17 11:39:33,Shipped
81,211,2025-05-06 07:04:36,Shipped
82,167,2025-05-06 23:20:00,Delivered
83,286,2025-05-03 00:37:56,Shipped
84,460,2025-04-19 13:50:10,Shipped
85,453,2025-04-17 08:22:22,Delivered
86,308,2025-05-03 09:03:50,Pending
87,76,2025-04-26 06:29:20,Pending
88,220,2025-04-15 21:01:06,Pending
89,76,2025-04-16 14:47:58,Delivered
90,132,2025-04-17 17:48:25,Delivered
91,204,2025-04-30 12:33:09,Delivered
92,347,2025-04-29 10:36:53,Shipped
93,413,2025-05-14 07:29:19,Delivered
94,58,2025-05-10 23:43:43,Shipped
95,243,2025-05-12 04:24:41,Pending
96,245,2025-04-30 05:41:16,Shipped
97,168,2025-04-23 16:08:52,Shipped
98,456,2025-04-27 10:59:23,Pending
99,440,2025-05-08 02:33:31,Delivered
100,328,2025-05-02 03:15:00,Pending
101,297,2025-05-14 08:52:56,Delivered
102,260,2025-04-21 00:59:21,Shipped
103,9,2025-04-26 19:42:36,Delivered
104,494,2025-05-04 15:17:06,Pending
105,267,2025-04-18 08:22:04,Pending
106,402,2025-05-01 15:10:15,Shipped
107,461,2025-04-25 15:53:57,Shipped
108,388,2025-04-16 17:26:39,Delivered
109,7,2025-04-30 14:59:59,Shipped
110,67,2025-04-20 21:38:18,Shipped
111,281,2025-05-07 21:56:39,Pending
112,103,2025-05-04 16:38:02,Delivered
113,9,2025-05-12 20:16:48,Pending
114,444,2025-04-18 01:30:37,Shipped
115,344,2025-05-03 13:59:55,Pending
116,248,2025-04-27 03:48:22,Pending
117,130,2025-05-03 10:21:22,Delivered
118,191,2025-05-10 16:46:06,Delivered
119,16,2025-04-23 08:33:55,Shipped
120,462,2025-05-07 07:14:17,Shipped
121,206,2025-05-08 13:35:19,Shipped
122,491,2025-04-27 20:19:43,Shipped
123,332,2025-05-05 00:44:16,Pending
124,328,2025-04-23 08:24:16,Delivered
125,22,2025-05-03 17:23:18,Shipped
126,382,2025-04-26 13:55:16,Delivered
127,304,2025-05-11 04:51:50,Delivered
128,190,2025-05-12 02:28:12,Shipped
129,398,2025-04-16 15:31:34,Delivered
130,153,2025-04-17 10:04:33,Pending
131,470,2025-05-15 08:32:01,Pending
132,243,2025-04-26 18:28:58,Shipped
133,277,2025-04-24 12:18:22,Delivered
134,187,2025-05-13 19:21:00,Shipped
135,298,2025-05-12 04:44:28,Shipped
136,221,2025-05-07 15:47:42,Delivered
137,239,2025-05-01 16:31:21,Pending
138,122,2025-05-15 00:35:23,Pending
139,321,2025-04-15 22:09:21,Pending
140,335,2025-05-13 03:34:33,Pending
141,176,2025-05-13 20:39:41,Pending
142,156,2025-04-18 18:51:12,Pending
143,325,2025-05-13 18:49:31,Shipped
144,271,2025-05-11 21:16:55,Delivered
145,424,2025-04-30 05:58:24,Delivered
146,376,2025-05-04 16:41:24,Shipped
147,432,2025-04-15 13:15:49,Pending
148,480,2025-04-28 12:51:21,Shipped
149,89,2025-05-13 21:52:30,Delivered
150,136,2025-05-05 10:49:17,Shipped
151,249,2025-05-11 12:25:03,Pending
152,194,2025-04-17 18:27:22,Shipped
153,408,2025-04-21 04:23:12,Shipped
154,61,2025-04-23 04:52:02,Delivered
155,226,2025-05-02 06:29:04,Delivered
156,166,2025-04-24 18:16:39,Pending
157,463,2025-04-27 16:29:02,Delivered
158,150,2025-04-20 14:25:48,Pending
159,356,2025-05-01 16:18:24,Delivered
160,452,2025-05-09 07:20:32,Shipped
161,390,2025-05-14 21:59:41,Shipped
162,290,2025-04-18 00:09:58,Shipped
163,432,2025-05-11 18:38:12,Pending
164,203,2025-04-22 10:40:12,Pending
165,245,2025-05-01 07:46:39,Pending
166,470,2025-04-18 17:40:49,Pending
167,83,2025-05-09 01:51:38,Pending
168,112,2025-05-08 18:48:01,Shipped
169,339,2025-04-19 01:23:52,Pending
170,195,2025-05-10 19:46:43,Shipped
171,93,2025-05-07 01:58:13,Pending
172,177,2025-05-01 19:47:38,Pending
173,446,2025-04-19 22:06:21,Pending
174,98,2025-04-20 09:29:05,Delivered
175,354,2025-04-26 10:28:46,Delivered
176,321,2025-05-10 03:25:26,Delivered
177,384,2025-04-16 06:23:39,Pending
178,231,2025-05-09 12:51:19,Shipped
179,138,2025-05-01 18:05:29,Pending
180,79,2025-05-06 19:12:40,Shipped
181,193,2025-04-15 15:12:05,Pending
182,334,2025-04-29 10:40:18,Pending
183,202,2025-05-12 01:01:02,Shipped
184,491,2025-05-07 00:19:17,Pending
185,120,2025-04-15 22:23:08,Delivered
186,181,2025-05-15 00:37:26,Delivered
187,265,2025-05-08 02:02:37,Delivered
188,423,2025-04-19 08:02:07,Delivered
189,134,2025-04-17 03:25:54,Pending
190,12,2025-05-04 11:38:06,Pending
191,142,2025-04-26 01:50:39,Pending
192,46,2025-05-10 01:32:47,Shipped
193,354,2025-05-07 06:05:15,Pending
194,37,2025-05-03 00:19:47,Delivered
195,77,2025-05-05 13:49:03,Delivered
196,445,2025-04-22 17:48:56,Pending
197,238,2025-04-27 10:48:36,Delivered
198,397,2025-04-16 20:13:31,Shipped
199,338,2025-04-26 15:54:17,Pending
200,382,2025-04-17 18:44:27,Pending
201,482,2025-04-21 18:48:25,Shipped
202,469,2025-05-13 09:57:56,Pending
203,386,2025-05-02 03:03:31,Pending
204,112,2025-04-21 14:32:07,Pending
205,491,2025-04-24 08:20:47,Delivered
206,265,2025-05-13 11:28:11,Shipped
207,497,2025-05-15 09:09:13,Delivered
208,318,2025-04-20 16:25:44,Shipped
209,431,2025-05-13 23:27:57,Delivered
210,473,2025-04-17 03:48:53,Pending
211,151,2025-05-11 16:41:06,Shipped
212,456,2025-04-26 00:53:00,Pending
213,59,2025-05-11 02:21:55,Shipped
214,275,2025-04-28 14:50:39,Delivered
215,195,2025-04-19 23:32:46,Shipped
216,408,2025-05-02 17:27:36,Shipped
217,104,2025-05-01 20:23:53,Pending
218,293,2025-04-25 03:24:03,Pending
219,219,2025-05-13 21:55:58,Pending
220,214,2025-05-04 09:20:47,Pending
221,379,2025-05-04 23:47:09,Shipped
222,145,2025-04-19 00:18:16,Delivered
223,485,2025-05-08 05:46:32,Shipped
224,162,2025-04-28 07:26:22,Delivered
225,68,2025-05-13 18:13:45,Delivered
226,344,2025-05-04 14:26:58,Shipped
227,327,2025-04-22 12:15:21,Shipped
228,58,2025-04-22 09:01:47,Delivered
229,335,2025-05-09 00:59:02,Pending
230,66,2025-05-11 15:19:40,Pending
231,202,2025-05-13 08:50:25,Pending
232,359,2025-04-27 06:43:08,Shipped
233,311,2025-05-10 14:22:41,Pending
234,422,2025-05-12 20:06:57,Shipped
235,61,2025-05-08 12:39:24,Pending
236,117,2025-05-14 19:56:38,Delivered
237,246,2025-05-11 12:05:17,Pending
238,495,2025-05-12 12:05:19,Delivered
239,147,2025-04-30 07:17:51,Delivered
240,381,2025-05-03 10:27:39,Delivered
241,451,2025-04-26 11:09:57,Shipped
242,187,2025-05-04 04:02:07,Pending
243,373,2025-05-08 23:35:54,Pending
244,28,2025-04-24 03:20:25,Delivered
245,452,2025-05-08 19:49:13,Delivered
246,31,2025-05-05 21:08:02,Delivered
247,41,2025-04-22 02:59:23,Pending
248,450,2025-04-16 13:07:34,Pending
249,252,2025-04-26 20:09:58,Shipped
250,49,2025-05-11 13:54:30,Pending
251,381,2025-05-04 19:54:12,Shipped
252,293,2025-05-08 07:10:53,Pending
253,400,2025-04-17 01:34:04,Delivered
254,359,2025-04-16 20:03:32,Pending
255,55,2025-04-19 02:44:17,Pending
256,488,2025-05-06 10:56:34,Shipped
257,270,2025-05-13 03:25:21,Pending
258,469,2025-04-21 13:37:07,Pending
259,369,2025-05-06 01:18:01,Shipped
260,385,2025-05-12 03:37:23,Delivered
261,465,2025-05-08 03:05:08,Pending
262,412,2025-04-17 06:17:18,Pending
263,473,2025-04-24 08:40:16,Pending
264,361,2025-04-19 21:07:25,Shipped
265,485,2025-04-23 20:24:46,Shipped
266,419,2025-05-11 18:09:22,Shipped
267,481,2025-04-21 12:41:07,Delivered
268,454,2025-05-03 00:27:33,Delivered
269,324,2025-05-01 18:10:21,Shipped
270,399,2025-05-04 07:04:03,Pending
271,205,2025-04-21 14:04:52,Pending
272,44,2025-05-01 08:04:12,Delivered
273,404,2025-05-11 05:25:21,Pending
274,69,2025-04-21 20:36:55,Shipped
275,240,2025-05-14 18:02:18,Shipped
276,410,2025-04-19 22:08:54,Pending
277,418,2025-04-22 22:18:18,Delivered
278,215,2025-04-16 00:59:13,Delivered
279,500,2025-04-28 10:12:02,Delivered
280,289,2025-05-05 06:16:11,Delivered
281,267,2025-05-05 05:54:09,Shipped
282,49,2025-04-24 23:04:21,Pending
283,248,2025-05-11 23:01:44,Shipped
284,472,2025-04-24 19:59:28,Delivered
285,114,2025-04-18 00:38:27,Shipped
286,55,2025-05-07 14:42:07,Pending
287,62,2025-04-23 00:26:06,Delivered
288,344,2025-05-02 14:10:18,Delivered
289,472,2025-05-11 22:47:21,Shipped
290,355,2025-04-22 15:51:38,Shipped
291,261,2025-04-15 15:57:21,Pending
292,477,2025-05-09 13:31:30,Shipped
293,469,2025-04-24 13:25:44,Delivered
294,180,2025-04-18 12:53:31,Delivered
295,329,2025-05-08 21:41:18,Delivered
296,76,2025-04-18 10:15:58,Delivered
297,399,2025-05-09 07:18:22,Shipped
298,263,2025-04-27 15:46:26,Delivered
299,64,2025-05-09 09:19:10,Shipped
300,13,2025-05-03 13:38:38,Pending
301,202,2025-04-29 03:58:55,Shipped
302,74,2025-04-27 07:43:30,Pending
303,112,2025-04-15 21:27:47,Delivered
304,41,2025-05-07 14:38:15,Shipped
305,321,2025-05-13 12:12:11,Shipped
306,84,2025-05-05 06:57:45,Pending
307,13,2025-05-10 01:41:09,Pending
308,28,2025-04-17 20:41:24,Delivered
309,314,2025-05-14 14:11:46,Shipped
310,368,2025-04-28 01:32:16,Pending
311,17,2025-04-19 22:24:55,Delivered
312,66,2025-05-09 09:53:49,Pending
313,353,2025-05-11 13:02:07,Shipped
314,403,2025-05-07 08:05:56,Pending
315,289,2025-05-03 00:21:21,Pending
316,169,2025-04-23 12:16:50,Pending
317,236,2025-04-27 10:39:27,Shipped
318,231,2025-04-30 19:56:44,Shipped
319,266,2025-05-05 01:37:35,Pending
320,400,2025-05-01 14:37:43,Delivered
321,365,2025-05-12 07:09:50,Shipped
322,225,2025-04-30 06:04:23,Pending
323,219,2025-05-04 14:33:53,Delivered
324,446,2025-04-18 22:06:20,Pending
325,497,2025-05-11 21:23:57,Pending
326,487,2025-04-26 22:44:20,Shipped
327,430,2025-05-04 20:02:50,Shipped
328,27,2025-04-27 19:56:58,Delivered
329,1,2025-04-17 15:17:48,Pending
330,493,2025-04-15 15:04:15,Shipped
331,185,2025-04-22 22:40:05,Shipped
332,199,2025-04-23 18:56:39,Shipped
333,74,2025-05-14 05:40:43,Shipped
334,330,2025-05-12 20:54:59,Shipped
335,234,2025-05-13 07:06:51,Shipped
336,339,2025-05-05 10:30:05,Shipped
337,40,2025-05-14 09:32:23,Delivered
338,330,2025-04-20 16:45:17,Shipped
339,407,2025-05-02 10:41:31,Pending
340,213,2025-05-06 12:58:28,Shipped
341,411,2025-04-25 14:07:06,Pending
342,82,2025-04-16 17:37:57,Shipped
343,152,2025-04-29 08:07:42,Delivered
344,125,2025-04-21 21:22:51,Delivered
345,283,2025-05-02 14:52:28,Shipped
346,49,2025-05-06 13:01:25,Shipped
347,295,2025-05-11 10:26:13,Pending
348,411,2025-05-12 03:03:27,Shipped
349,267,2025-04-25 13:24:06,Pending
350,401,2025-04-27 06:32:15,Delivered
351,328,2025-04-24 11:14:12,Pending
352,378,2025-04-17 16:37:21,Pending
353,246,2025-04-27 02:16:18,Shipped
354,115,2025-04-16 21:28:54,Pending
355,383,2025-04-15 21:44:43,Shipped
356,106,2025-04-25 00:27:32,Pending
357,252,2025-05-15 03:06:43,Delivered
358,142,2025-05-05 07:15:07,Shipped
359,51,2025-04-22 23:53:56,Delivered
360,252,2025-04-24 14:20:35,Shipped
361,265,2025-05-03 18:00:39,Delivered
362,121,2025-04-22 12:13:20,Shipped
363,337,2025-05-10 21:10:45,Delivered
364,298,2025-04-18 14:25:51,Pending
365,399,2025-04-24 04:22:15,Delivered
366,149,2025-04-30 21:29:02,Shipped
367,95,2025-04-26 23:15:47,Delivered
368,44,2025-04-22 17:12:19,Shipped
369,490,2025-05-13 10:26:15,Delivered
370,63,2025-04-22 07:21:22,Pending
371,384,2025-05-14 05:02:42,Shipped
372,236,2025-04-25 13:15:38,Delivered
373,242,2025-05-12 08:20:37,Shipped
374,464,2025-05-05 19:24:18,Delivered
375,419,2025-05-01 18:54:26,Pending
376,179,2025-04-21 15:15:49,Shipped
377,300,2025-04-22 13:46:48,Delivered
378,170,2025-05-03 11:35:13,Delivered
379,17,2025-04-23 17:32:59,Pending
380,371,2025-05-09 12:17:58,Delivered
381,399,2025-05-10 09:32:42,Shipped
382,304,2025-05-04 16:01:50,Shipped
383,166,2025-04-26 11:01:31,Delivered
384,289,2025-04-28 19:01:52,Shipped
385,396,2025-04-22 22:08:30,Shipped
386,372,2025-04-27 14:08:17,Shipped
387,340,2025-05-07 00:08:49,Shipped
388,198,2025-04-30 14:52:23,Delivered
389,5,2025-05-12 12:19:31,Pending
390,408,2025-04-21 17:08:04,Pending
391,321,2025-05-06 20:41:30,Shipped
392,442,2025-05-03 23:15:45,Pending
393,29,2025-04-23 07:57:37,Pending
394,114,2025-05-07 23:39:09,Shipped
395,368,2025-05-13 17:17:50,Shipped
396,324,2025-05-07 08:33:44,Pending
397,129,2025-05-04 03:04:31,Pending
398,407,2025-05-12 16:58:15,Delivered
399,377,2025-04-24 11:50:03,Delivered
400,291,2025-05-06 17:25:09,Shipped
401,92,2025-04-20 07:05:28,Delivered
402,20,2025-05-04 05:01:03,Pending
403,278,2025-05-03 21:19:30,Delivered
404,262,2025-05-15 05:37:42,Delivered
405,33,2025-04-26 17:16:55,Delivered
406,312,2025-05-07 17:37:29,Delivered
407,471,2025-05-13 17:10:19,Shipped
408,213,2025-05-13 05:42:50,Delivered
409,427,2025-04-28 23:30:24,Delivered
410,273,2025-05-07 01:43:59,Pending
411,416,2025-04-20 16:33:42,Pending
412,362,2025-05-01 23:04:42,Shipped
413,125,2025-04-21 22:58:58,Pending
414,367,2025-05-12 09:41:58,Delivered
415,247,2025-04-21 20:13:34,Delivered
416,31,2025-04-18 21:01:54,Pending
417,2,2025-04-16 14:32:12,Pending
418,365,2025-05-07 01:49:04,Delivered
419,335,2025-05-01 18:48:10,Delivered
420,255,2025-04-15 11:59:50,Shipped
421,266,2025-04-20 02:40:36,Shipped
422,158,2025-05-01 23:08:05,Pending
423,120,2025-05-05 06:02:18,Shipped
424,20,2025-04-20 03:01:30,Delivered
425,192,2025-04-24 06:56:42,Delivered
426,450,2025-04-24 01:06:47,Pending
427,209,2025-04-21 16:40:48,Delivered
428,161,2025-04-17 04:50:26,Shipped
429,86,2025-05-04 21:18:20,Shipped
430,204,2025-04-17 00:43:50,Pending
431,174,2025-04-27 21:06:12,Pending
432,245,2025-05-09 05:24:17,Shipped
433,259,2025-04-21 21:59:50,Pending
434,263,2025-05-08 17:58:36,Pending
435,430,2025-05-05 02:21:42,Shipped
436,260,2025-04-30 06:27:49,Shipped
437,418,2025-05-03 01:03:29,Delivered
438,322,2025-04-28 23:33:35,Pending
439,186,2025-05-04 16:06:07,Pending
440,440,2025-04-25 20:51:45,Pending
441,114,2025-05-07 02:54:13,Shipped
442,465,2025-04-18 22:19:47,Pending
443,268,2025-04-21 03:23:16,Pending
444,66,2025-04-23 20:14:28,Pending
445,204,2025-04-29 09:37:02,Pending
446,258,2025-04-30 10:41:13,Delivered
447,497,2025-04-28 02:37:07,Delivered
448,403,2025-05-04 22:28:36,Pending
449,448,2025-05-09 16:12:30,Shipped
450,374,2025-04-19 06:00:27,Pending
451,325,2025-04-25 12:34:16,Pending
452,370,2025-04-29 19:46:27,Shipped
453,426,2025-05-07 10:48:23,Shipped
454,351,2025-05-14 14:17:53,Shipped
455,326,2025-05-04 17:15:03,Pending
456,458,2025-04-27 12:35:56,Pending
457,82,2025-04-18 10:16:06,Pending
458,447,2025-05-03 03:54:38,Shipped
459,240,2025-04-30 08:56:55,Pending
460,447,2025-04-28 11:21:59,Pending
461,375,2025-05-13 14:30:33,Delivered
462,437,2025-05-07 16:19:18,Pending
463,206,2025-04-21 02:50:52,Shipped
464,67,2025-04-26 00:39:37,Delivered
465,336,2025-05-01 12:03:46,Pending
466,258,2025-04-27 11:01:08,Pending
467,130,2025-05-14 06:07:12,Delivered
468,493,2025-04-28 05:45:56,Pending
469,430,2025-04-27 13:17:50,Shipped
470,249,2025-04-23 16:31:32,Pending
471,425,2025-05-05 11:43:33,Delivered
472,33,2025-05-08 08:53:13,Pending
473,324,2025-05-04 07:03:55,Delivered
474,315,2025-04-30 04:00:30,Shipped
475,76,2025-05-02 03:43:34,Delivered
476,38,2025-04-20 17:40:24,Delivered
477,102,2025-04-28 03:45:50,Shipped
478,38,2025-05-13 17:18:17,Shipped
479,244,2025-05-05 04:01:11,Pending
480,331,2025-05-03 22:34:07,Shipped
481,156,2025-05-11 09:59:16,Delivered
482,300,2025-05-14 09:10:08,Pending
483,316,2025-04-28 16:20:48,Shipped
484,2,2025-04-29 01:36:17,Pending
485,281,2025-05-12 18:04:59,Pending
486,255,2025-04-25 14:39:06,Delivered
487,190,2025-05-05 05:35:48,Shipped
488,309,2025-05-02 21:41:26,Pending
489,472,2025-05-14 14:26:27,Pending
490,336,2025-05-12 15:03:21,Pending
491,150,2025-04-28 10:24:42,Shipped
492,253,2025-05-04 13:32:40,Pending
493,470,2025-04-26 05:54:50,Shipped
494,102,2025-04-19 20:07:46,Delivered
495,225,2025-05-15 05:19:35,Pending
496,186,2025-05-05 14:44:39,Pending
497,409,2025-04-24 00:13:44,Shipped
498,254,2025-05-12 04:02:54,Delivered
499,461,2025-05-06 22:39:43,Pending
500,499,2025-05-04 03:22:08,Pending
501,463,2025-04-16 02:46:36,Delivered
502,76,2025-04-19 01:32:55,Shipped
503,84,2025-04-29 10:52:40,Shipped
504,233,2025-05-12 14:22:31,Delivered
505,92,2025-05-13 21:12:46,Pending
506,280,2025-04-19 14:27:26,Delivered
507,286,2025-05-08 01:17:57,Delivered
508,279,2025-04-30 13:29:52,Shipped
509,431,2025-05-13 11:01:56,Pending
510,256,2025-05-04 12:19:37,Shipped
511,197,2025-04-30 07:05:19,Delivered
512,156,2025-04-15 16:34:26,Pending
513,314,2025-05-07 19:49:34,Shipped
514,315,2025-04-30 16:51:48,Shipped
515,139,2025-05-05 12:18:29,Pending
516,490,2025-05-07 08:45:15,Delivered
517,426,2025-04-25 05:53:39,Shipped
518,371,2025-04-23 02:33:41,Delivered
519,159,2025-04-22 16:48:50,Pending
520,216,2025-05-10 21:32:22,Shipped
521,25,2025-04-24 20:38:06,Pending
522,178,2025-05-15 06:49:52,Pending
523,20,2025-04-29 01:56:28,Pending
524,270,2025-05-08 18:57:30,Shipped
525,429,2025-05-09 06:32:41,Delivered
526,316,2025-05-10 10:40:05,Pending
527,263,2025-04-30 03:37:37,Delivered
528,325,2025-04-29 06:56:38,Shipped
529,37,2025-05-13 03:24:40,Shipped
530,79,2025-05-06 06:16:42,Shipped
531,180,2025-05-04 11:47:34,Pending
532,382,2025-04-16 09:26:33,Shipped
533,445,2025-05-14 05:32:26,Shipped
534,132,2025-05-08 13:37:13,Pending
535,247,2025-04-29 21:25:17,Shipped
536,265,2025-04-15 13:32:56,Delivered
537,41,2025-04-27 18:29:22,Shipped
538,360,2025-05-10 04:00:42,Pending
539,101,2025-04-28 02:05:33,Delivered
540,68,2025-05-08 16:37:19,Pending
541,121,2025-05-02 09:55:52,Delivered
542,49,2025-04-15 13:43:05,Pending
543,133,2025-04-28 13:45:25,Shipped
544,31,2025-05-04 20:30:53,Delivered
545,317,2025-05-06 11:38:10,Shipped
546,179,2025-04-25 14:48:47,Delivered
547,301,2025-04-17 08:15:51,Delivered
548,17,2025-05-03 12:13:12,Pending
549,60,2025-04-25 05:56:27,Pending
550,455,2025-04-16 19:48:26,Delivered
551,485,2025-05-09 04:03:41,Pending
552,279,2025-05-06 10:43:45,Pending
553,339,2025-04-23 11:01:13,Pending
554,410,2025-04-27 06:58:28,Pending
555,186,2025-05-13 09:29:10,Delivered
556,377,2025-04-27 21:07:34,Pending
557,282,2025-04-28 02:27:08,Shipped
558,334,2025-04-23 11:11:41,Delivered
559,482,2025-04-25 12:01:44,Shipped
560,169,2025-05-11 21:05:04,Shipped
561,127,2025-05-02 08:54:48,Delivered
562,192,2025-04-24 10:50:47,Delivered
563,32,2025-05-04 22:51:32,Delivered
564,367,2025-04-15 09:47:32,Shipped
565,48,2025-04-18 13:21:21,Shipped
566,97,2025-05-05 08:25:08,Shipped
567,311,2025-05-08 20:09:51,Shipped
568,361,2025-04-23 19:54:51,Shipped
569,343,2025-04-17 22:41:16,Delivered
570,25,2025-05-07 07:37:38,Pending
571,263,2025-05-12 14:16:27,Pending
572,179,2025-05-11 12:44:50,Delivered
573,25,2025-04-23 03:18:59,Shipped
574,54,2025-05-11 12:05:49,Delivered
575,118,2025-05-02 01:00:31,Pending
576,199,2025-05-11 15:10:08,Shipped
577,30,2025-05-12 11:38:25,Delivered
578,227,2025-04-30 07:51:21,Delivered
579,494,2025-04-25 09:48:18,Delivered
580,33,2025-05-02 09:46:15,Pending
581,95,2025-04-27 18:58:34,Pending
582,86,2025-05-07 15:40:19,Shipped
583,202,2025-04-22 12:12:22,Shipped
584,134,2025-05-05 07:51:26,Delivered
585,45,2025-04-20 22:26:55,Shipped
586,245,2025-04-25 00:54:49,Pending
587,57,2025-05-01 02:04:20,Shipped
588,413,2025-04-29 06:48:46,Pending
589,212,2025-04-20 16:17:03,Delivered
590,389,2025-05-02 07:18:04,Shipped
591,199,2025-04-28 14:15:55,Pending
592,168,2025-04-18 06:25:06,Delivered
593,361,2025-04-25 19:42:07,Delivered
594,51,2025-04-15 18:15:23,Delivered
595,250,2025-05-13 03:24:51,Pending
596,1,2025-04-26 01:49:04,Delivered
597,392,2025-04-30 01:59:59,Delivered
598,420,2025-05-11 18:48:24,Delivered
599,192,2025-04-20 17:13:27,Pending
600,368,2025-05-12 03:42:31,Pending
601,184,2025-04-17 14:03:39,Shipped
602,415,2025-05-05 11:46:28,Delivered
603,349,2025-04-17 03:35:44,Shipped
604,354,2025-04-24 06:08:30,Shipped
605,450,2025-04-26 20:51:44,Delivered
606,494,2025-04-26 03:46:13,Shipped
607,215,2025-05-07 07:58:16,Pending
608,495,2025-04-22 21:08:02,Pending
609,465,2025-05-10 23:43:29,Delivered
610,474,2025-05-09 06:23:08,Pending
611,477,2025-04-18 11:13:13,Delivered
612,152,2025-05-02 07:37:07,Shipped
613,431,2025-05-07 12:42:35,Delivered
614,440,2025-05-14 18:48:28,Shipped
615,35,2025-04-25 01:15:34,Shipped
616,239,2025-05-07 19:24:00,Pending
617,347,2025-04-21 00:39:08,Pending
618,189,2025-04-29 21:52:53,Shipped
619,491,2025-05-15 01:54:58,Shipped
620,176,2025-05-05 19:13:57,Delivered
621,159,2025-04-17 18:05:33,Pending
622,419,2025-05-15 01:07:05,Delivered
623,71,2025-05-10 07:46:51,Pending
624,352,2025-05-05 05:02:46,Shipped
625,88,2025-04-19 05:48:45,Pending
626,471,2025-05-04 14:24:21,Shipped
627,427,2025-05-13 19:07:45,Pending
628,480,2025-04-18 04:59:11,Shipped
629,119,2025-05-08 08:05:17,Shipped
630,202,2025-04-30 18:01:47,Delivered
631,24,2025-05-13 19:16:10,Shipped
632,445,2025-05-10 11:26:10,Shipped
633,91,2025-04-18 14:31:34,Delivered
634,189,2025-04-27 21:53:03,Delivered
635,236,2025-04-28 21:13:41,Shipped
636,23,2025-04-28 14:02:27,Shipped
637,51,2025-04-24 03:21:53,Delivered
638,440,2025-04-16 07:23:52,Delivered
639,312,2025-05-10 18:12:34,Pending
640,396,2025-05-13 06:27:21,Shipped
641,151,2025-04-19 02:45:38,Delivered
642,268,2025-04-22 10:07:07,Pending
643,185,2025-05-10 08:02:20,Pending
644,100,2025-04-23 14:13:42,Shipped
645,324,2025-05-03 18:53:39,Pending
646,387,2025-05-09 13:37:39,Shipped
647,276,2025-05-05 01:47:08,Pending
648,304,2025-04-16 20:52:58,Shipped
649,325,2025-05-08 08:53:26,Pending
650,336,2025-05-09 11:46:38,Shipped
651,216,2025-04-19 20:07:03,Shipped
652,162,2025-04-19 05:05:09,Shipped
653,280,2025-05-12 18:43:25,Delivered
654,144,2025-05-10 23:58:17,Delivered
655,388,2025-05-05 20:48:31,Delivered
656,322,2025-05-10 10:13:27,Delivered
657,452,2025-04-30 10:38:57,Pending
658,127,2025-04-22 16:11:23,Pending
659,220,2025-04-24 23:50:52,Pending
660,483,2025-05-01 04:03:58,Delivered
661,359,2025-04-26 07:34:10,Pending
662,423,2025-05-02 19:00:55,Pending
663,23,2025-04-25 07:49:08,Pending
664,488,2025-04-27 13:44:30,Pending
665,313,2025-04-17 09:32:34,Delivered
666,424,2025-04-29 15:25:29,Delivered
667,24,2025-05-03 10:54:13,Delivered
668,187,2025-05-05 16:51:40,Pending
669,136,2025-04-26 11:20:47,Pending
670,17,2025-05-12 07:32:33,Pending
671,344,2025-05-12 14:32:59,Delivered
672,449,2025-05-07 07:03:34,Shipped
673,124,2025-05-07 16:36:06,Shipped
674,62,2025-04-21 02:35:38,Shipped
675,281,2025-05-05 04:58:24,Shipped
676,288,2025-04-30 19:35:47,Shipped
677,70,2025-05-11 07:27:53,Pending
678,204,2025-05-04 18:42:20,Pending
679,317,2025-05-03 04:52:43,Pending
680,289,2025-04-22 05:05:44,Delivered
681,51,2025-05-09 00:29:04,Shipped
682,128,2025-05-04 19:05:57,Pending
683,166,2025-05-07 02:30:53,Shipped
684,10,2025-04-29 11:37:32,Shipped
685,429,2025-05-13 11:08:36,Pending
686,226,2025-04-28 08:06:27,Shipped
687,357,2025-04-20 16:55:18,Shipped
688,239,2025-05-02 17:36:49,Delivered
689,8,2025-05-13 06:12:42,Shipped
690,7,2025-05-05 01:40:28,Pending
691,18,2025-05-13 01:35:53,Pending
692,75,2025-05-09 12:04:59,Delivered
693,433,2025-05-02 03:35:04,Delivered
694,201,2025-05-09 14:22:42,Pending
695,428,2025-04-30 03:56:43,Pending
696,301,2025-05-09 07:45:43,Delivered
697,327,2025-05-08 05:48:48,Pending
698,38,2025-05-10 05:27:07,Pending
699,325,2025-05-05 07:35:26,Pending
700,225,2025-04-20 00:35:46,Shipped
701,291,2025-05-04 03:01:08,Pending
702,336,2025-04-16 14:33:52,Shipped
703,247,2025-05-14 18:37:50,Pending
704,73,2025-05-11 08:28:23,Delivered
705,315,2025-04-22 16:32:36,Pending
706,378,2025-05-13 09:36:12,Delivered
707,492,2025-05-01 23:33:15,Shipped
708,63,2025-04-24 03:15:13,Delivered
709,477,2025-04-18 16:19:31,Delivered
710,427,2025-05-12 23:52:04,Shipped
711,84,2025-04-21 20:35:34,Pending
712,332,2025-05-14 07:30:31,Delivered
713,352,2025-05-15 01:30:56,Delivered
714,431,2025-04-21 15:45:59,Delivered
715,411,2025-04-28 00:07:29,Shipped
716,219,2025-04-25 14:25:14,Pending
717,387,2025-05-01 13:07:57,Delivered
718,25,2025-05-14 20:53:56,Pending
719,208,2025-04-18 22:44:14,Pending
720,137,2025-04-25 07:12:07,Shipped
721,251,2025-04-16 14:20:07,Shipped
722,148,2025-04-29 21:35:15,Delivered
723,320,2025-05-11 07:32:41,Pending
724,139,2025-04-30 00:02:41,Pending
725,116,2025-04-15 21:15:18,Delivered
726,250,2025-05-02 06:37:19,Shipped
727,140,2025-05-02 22:11:09,Pending
728,263,2025-05-09 08:22:36,Pending
729,239,2025-04-23 15:42:40,Pending
730,271,2025-05-04 22:43:01,Delivered
731,420,2025-05-05 00:40:36,Shipped
732,320,2025-04-18 14:41:14,Pending
733,367,2025-04-18 04:41:00,Shipped
734,236,2025-04-24 20:17:49,Shipped
735,357,2025-04-23 18:12:31,Delivered
736,53,2025-04-27 00:34:24,Delivered
737,165,2025-04-26 01:06:45,Pending
738,211,2025-05-01 14:34:40,Delivered
739,8,2025-04-24 23:53:16,Pending
740,134,2025-04-29 11:44:56,Shipped
741,277,2025-04-23 18:29:09,Pending
742,232,2025-05-08 14:51:39,Shipped
743,397,2025-05-13 16:19:48,Pending
744,342,2025-04-28 09:21:50,Pending
745,119,2025-04-17 07:49:23,Delivered
746,83,2025-05-07 04:44:01,Shipped
747,480,2025-04-25 00:54:46,Pending
748,424,2025-04-22 07:51:17,Pending
749,28,2025-05-06 05:10:46,Delivered
750,66,2025-04-27 22:59:57,Delivered
751,375,2025-05-10 16:44:46,Delivered
752,284,2025-04-17 17:49:07,Delivered
753,330,2025-04-21 18:04:48,Shipped
754,345,2025-04-29 19:01:08,Pending
755,478,2025-04-22 16:03:07,Pending
756,230,2025-05-08 21:54:48,Shipped
757,199,2025-05-10 14:28:41,Delivered
758,486,2025-04-22 09:12:40,Shipped
759,14,2025-04-28 15:14:22,Pending
760,56,2025-05-09 03:01:13,Pending
761,500,2025-04-17 14:40:33,Pending
762,307,2025-04-25 13:07:05,Shipped
763,180,2025-05-05 01:36:40,Delivered
764,478,2025-05-12 04:02:27,Shipped
765,345,2025-04-20 16:16:54,Pending
766,76,2025-04-29 01:29:46,Pending
767,302,2025-05-11 01:38:15,Shipped
768,67,2025-04-16 15:30:06,Pending
769,428,2025-04-21 09:43:38,Pending
770,273,2025-05-07 19:52:07,Shipped
771,295,2025-05-12 21:53:24,Pending
772,171,2025-05-12 06:00:47,Shipped
773,424,2025-05-14 04:28:43,Pending
774,442,2025-04-30 19:30:02,Shipped
775,93,2025-05-14 16:25:14,Shipped
776,77,2025-05-14 15:48:19,Delivered
777,61,2025-04-26 20:31:56,Delivered
778,187,2025-04-27 18:10:34,Delivered
779,289,2025-05-05 04:19:36,Shipped
780,214,2025-05-12 14:42:40,Delivered
781,373,2025-05-14 15:46:09,Shipped
782,353,2025-05-13 16:25:23,Delivered
783,373,2025-04-23 18:46:34,Shipped
784,483,2025-04-26 04:30:46,Shipped
785,437,2025-04-15 21:56:25,Delivered
786,308,2025-05-13 12:23:43,Shipped
787,110,2025-04-26 09:32:08,Delivered
788,394,2025-05-10 20:41:57,Shipped
789,49,2025-04-19 00:57:27,Shipped
790,167,2025-05-15 06:03:58,Shipped
791,448,2025-04-21 02:25:55,Shipped
792,43,2025-05-09 20:32:53,Pending
793,111,2025-04-20 19:52:23,Delivered
794,431,2025-05-07 17:15:23,Pending
795,234,2025-04-25 02:48:15,Pending
796,137,2025-05-03 06:44:59,Shipped
797,225,2025-04-28 03:21:13,Pending
798,469,2025-04-23 14:13:24,Delivered
799,221,2025-05-09 01:31:00,Delivered
800,201,2025-04-28 08:26:13,Pending
